Professor_ID,Professor_Name,Quality,TakeAgain,RatingCount,Difficulty,netid
1705832,Walker White,4.4,83%,151,3.3,wmw2
192501,Jane Marie Law,4.6,93%,79,3.0,
2239807,Michael Clarkson,4.3,85%,44,3.6,mrc26
2217297,Jamol Pender,2.1,24%,42,4.2,jjp274
1025323,Evan Cooch,4.9,100%,37,3.8,egc7
2844569,David Freund,3.5,64%,30,3.4,drf88
2932449,Ryan Tapping,5.0,100%,26,2.7,rct76
1679995,Allison Weiner Heinemann,4.9,100%,21,3.1,aaw43
1908365,Christopher Batten,5.0,100%,15,3.4,cb535
2576884,Nils Napp,2.1,31%,13,2.5,nen38
3031127,Fikri Pitsuwan,3.6,75%,8,3.8,fp67
2476117,Debdeep Jena,2.2,17%,6,4.0,dj326
2723270,Andrew Musser,1.1,3%,912,4.9,ajm557
2881402,Benjamin Soltoff,1.5,13%,24,4.3,bcs88
2290958,Jeanne Varney,2.2,20%,10,1.9,jmv59
2260586,Kevin Packard,2.1,25%,79,3.9,kcp48
2254913,Kilian Weinberger,3.7,68%,52,2.9,kqw4
2448299,Mary MacAusland,3.4,59%,24,3.8,mm2549
2292681,Laurent Saloff-Coste,2.6,35%,20,3.4,lps2
2702084,Wen Sun,4.6,80%,5,4.0,ws455
1913576,Stephanie Thomas,2.4,30%,125,3.2,srt82
2932773,George Orlov,3.0,49%,39,3.3,go84
1997239,Vanessa Bohns,4.3,84%,36,2.4,vkb28
2227009,Eric Lewis,3.2,45%,20,3.1,eel33
2851227,Michelle Chen,1.9,22%,14,3.5,mzc6
873778,Jeffrey Varner,4.1,63%,11,2.6,jdv27
2763538,Greeshma Gadikota,4.0,67%,9,3.0,gg464
2867976,Nicolas Templier,2.5,38%,8,3.0,npt27
3055188,Sumanta Basu,4.9,100%,8,1.1,sb2457
2676839,Sarah Hormozi,1.5,17%,6,2.0,sh2365
2735720,Douglas McBride,4.8,75%,4,2.5,dbm93
2146286,Daniel Manne,4.2,85%,14,2.4,dpm255
2781570,Kathleen Hefferon,3.8,50%,6,2.5,klh22
2826903,Ankit Disa,2.6,40%,5,3.8,asd47
2132310,Cynthia Kinsland,2.7,33%,47,4.1,clk10
1658929,Aaron Wagner,4.9,88%,11,4.0,abw35
2669872,Bryn Rosenfeld,2.8,45%,9,4.3,brr59
2222284,Silvia Ferrari,2.0,13%,8,2.1,sf375
2367270,Joseph Skovira,4.4,72%,7,1.7,jfs9
1526046,Hadas Ritz,3.0,37%,92,3.8,hr32
927429,David Pizarro,4.4,95%,86,2.0,dap54
1841153,Kyle Lancaster,4.4,88%,51,3.9,kml236
2704552,John McCarthy,4.6,88%,8,2.5,jem543
3026777,Santiago Anria,4.8,100%,4,2.8,sja89
2974035,James Carter,4.3,67%,3,1.0,jtc277
2897543,Gali Racabi,5.0,100%,3,3.3,gr375
711129,Michael Fontaine,4.2,80%,15,3.0,mf268
2972964,Natasha Ayaz,5.0,100%,5,1.8,nsa54
3073144,Nikki Fortier,5.0,100%,1,2.0,nf288
2756306,Curran Muhlberger,2.8,52%,43,3.7,cdm89
1963171,Julieta Caunedo,3.2,55%,23,3.6,jdc364
560469,Maxim Perelstein,4.3,100%,16,3.5,mp325
3021926,Paul Ortiz,5.0,100%,3,2.0,pao35
246616,George Jakubson,2.7,36%,105,4.0,gj10
2946584,Matthew Eichhorn,4.6,91%,11,3.5,mae226
3046207,Nikky Suarez,3.0,63%,8,3.9,nes89
3065778,Yian Yin,3.0,50%,2,3.0,yy994
2399360,Matthew Saleh,4.8,100%,30,2.6,mcs378
2790396,Eanna Flanagan,5.0,100%,4,4.8,eef3
226122,Philip Krasicky,4.2,100%,84,3.3,pdk4
2744522,Cliff Kraft,1.3,12%,18,2.8,cek7
2805602,Frans Schalekamp,4.8,94%,16,2.3,fms9
2665545,Zhiting Tian,2.6,43%,7,3.4,zt223
3000014,Ekin Erar,1.0,0%,1,5.0,ee323
560515,Reyer Sjamaar,3.7,68%,36,3.7,rs73
2410214,Vikram Krishnamurthy,4.3,83%,17,3.4,vk342
42676,Bruce Ganem,3.7,75%,127,3.8,bg18
163181,Harry Segal,4.3,100%,88,2.4,hgs2
381056,Ross Brann,4.6,100%,33,2.3,rb23
2504388,Douglas Kriner,4.0,75%,28,2.9,dlk265
1320083,Iago Gocheleishvili,4.8,100%,25,2.2,ig44
2920103,Kihoon Seong,1.7,12%,25,4.1,ks2443
454416,Adam Arcadi,4.7,93%,24,2.3,apc13
1547176,Hakim Weatherspoon,2.3,17%,15,3.8,hw228
2297781,Thomas Cleland,3.9,82%,11,2.7,tac29
2837843,David Shoemaker,4.8,100%,6,2.3,dws267
2674694,Lisa Chervinsky,2.5,50%,4,2.5,lmc229
3067965,Patrick O'Grady,2.0,0%,1,4.0,pmo43
2538397,Jeremy Entner,2.2,28%,74,3.0,jfe35
199658,Harold Hodes,2.7,46%,40,3.9,hth3
271154,Michela Baraldi,4.6,86%,27,1.9,mb348
3022009,Chris Bordoni,5.0,100%,19,4.0,cjb74
2535455,Roberta Militello,2.0,34%,3,3.3,rjm32
2985930,Matilda Prestano,5.0,100%,2,1.5,mp842
3027324,Laura Gunn,5.0,100%,2,1.0,lhg42
3071676,Kathy Ball,5.0,100%,1,1.0,kb674
2762641,David Chernoff,5.0,100%,1,2.0,dfc8
2282033,Jeremy Allen,5.0,100%,41,3.4,jja63
2747318,Anke van Zuylen,4.0,66%,23,4.3,avz2
1934878,Marc Goebel,4.9,100%,15,2.7,mg567
3071613,Enoch Aboi,5.0,100%,1,1.0,eja97
2544740,Fengqi You,4.9,93%,146,3.4,fy86
778584,Bruce Monger,4.6,93%,95,1.7,bcm3
1044587,Stephan Schmidt,2.6,0%,49,3.4,sjs96
2147273,Melissa Smith,4.5,88%,34,2.7,ms429
636260,Neema Kudva,2.8,0%,27,3.8,nk78
1782009,Julie Carmalt,4.3,85%,23,2.0,jhc48
362355,Debbie Cherney,3.3,40%,21,2.5,djc6
2074100,Florentina Bunea,3.4,50%,20,2.9,fb238
2458225,Benjamin Leyden,3.9,67%,9,3.6,bl693
1698563,Neil Tarallo,4.1,67%,9,3.1,nt266
2315766,Kristina Blake-Hodek,4.2,78%,9,3.3,kab69
2533441,Jawad Addoum,4.1,72%,7,3.1,jma369
2651358,Chloe Ahmann,4.5,100%,6,2.5,cak272
2757403,Tobias Doerr,4.8,100%,5,3.0,td348
2768266,Lindsay Goodale,3.3,50%,4,1.5,lfg28
2973138,Jolanda Pandin,4.7,100%,3,3.0,jmp244
3032055,Ana Howie,5.0,100%,3,4.0,ach278
2987854,David Kent,5.0,100%,2,1.5,dk657
3064778,Rebecca Brenner,4.5,100%,2,2.0,rjm478
3059897,Drummond Fielding,5.0,100%,1,1.0,dbf75
3071327,Yi Athena Ren,3.0,100%,1,5.0,yar9
2260768,Immanuel Trummer,3.3,56%,18,3.1,it224
308440,Sarosh Kuruvilla,3.5,86%,18,3.3,sck4
1582682,Alyosha Molnar,4.5,100%,14,4.5,am699
2701278,Sarah Besky,2.6,29%,14,4.0,sb2626
2148952,Andrew Moisey,4.3,84%,12,2.5,am2798
2647310,Virginia Doellgast,3.0,58%,7,3.3,vld7
1891360,Catherine Appert,2.5,34%,5,3.4,cma249
1269627,Gary Evans,4.4,85%,41,2.3,gwe1
178449,Andrew Willford,3.6,50%,19,2.4,acw24
971576,Sujata Singh,3.5,67%,11,2.7,ss596
2900311,Nathalie Trottier,2.8,45%,9,3.1,nlt35
2974747,Martin Graef,3.9,88%,8,2.9,mg2255
3041934,Emily Foster,5.0,100%,2,2.0,ef273
3024390,Nozomi Nishimura,3.0,100%,1,3.0,nn62
1800741,Kelly King-O'Brien,1.9,6%,23,4.4,kk775
134422,Jennifer Wissink,3.2,36%,299,3.2,jpw6
85387,Michael Gold,3.6,55%,67,4.6,meg3
1969269,Joseph Margulies,3.7,94%,26,3.3,jm347
2956648,Robert Turgeon,2.0,20%,5,2.4,ert2
2806382,Elise Finielz,5.0,100%,2,2.5,eff36
3070601,Tracy Carrick,5.0,100%,1,3.0,thc33
3065779,Rohit Lamba,2.0,0%,2,3.0,rl932
3070393,Leila Wilmers,1.0,0%,1,4.0,lw738
288487,Pamela Tolbert,3.0,60%,27,2.1,pst3
1952856,Paul Friedland,4.8,93%,22,3.2,paf67
1462774,Claudia Verhoeven,4.5,80%,15,3.3,cv89
2795505,Stephen Sauer,4.3,82%,11,2.1,sjs46
3038768,Pierre Patie,1.0,0%,4,4.5,pp396
2974870,Michelle LaVigne,4.5,100%,2,1.5,ml2576
1524854,Linda Nicholson,4.5,92%,14,3.4,lkn2
2955429,Melisa Medina-Rivera,1.8,20%,5,4.6,mm2463
2155742,Karola Meszaros,4.3,75%,4,2.8,km626
3069882,Matthew Bettencourt,5.0,100%,1,1.0,mlb486
195472,Pedro Perez,2.6,43%,145,2.8,pdp5
2461887,Terence Alexander,3.5,64%,41,3.0,ta425
2612419,Marina Caillaud,4.8,100%,25,2.4,cmc27
756459,Kate McCullough,3.6,45%,18,3.1,mkm23
389044,Sabine Haenni,3.9,50%,17,2.8,sh322
1721146,Caitlin Barrett,4.7,100%,13,2.2,ceb329
2931105,Trent Preszler,3.7,67%,3,4.3,tlp24
3031959,Ginger Allington,3.0,50%,2,3.0,gra38
963906,Vivian Zayas,3.3,45%,57,4.0,vz29
672063,Michael Nussbaum,1.8,16%,31,3.7,mn66
646668,Jonathan Russell-Anelli,3.3,17%,11,3.1,jmr5
2705103,Joseph Sullivan,3.6,75%,8,2.0,jfs325
2180660,Eilyan Bitar,4.3,86%,7,4.0,eyb5
428168,Silvia Amigo-Silvestre,3.6,65%,28,3.8,sa254
249442,Ashim Datta,4.4,84%,25,3.2,akd1
2981435,Sungwoo Jeong,5.0,100%,5,2.8,sj822
2109847,Anne Bracy,3.6,65%,68,3.9,awb93
37207,Rachel Weil,3.2,78%,38,3.6,rjw5
192539,Gunhild Lischke,4.3,100%,33,3.0,gl15
333013,Derek Chang,4.4,85%,30,2.0,dsc37
1197950,Benjamin Cornwell,4.6,100%,29,1.8,btc49
1846028,Kendra Bischoff,4.1,81%,25,3.1,kb536
2419833,Peter Rich,3.8,78%,22,3.1,pmr86
717246,Risa Lieberwitz,3.4,62%,21,3.3,rll5
370209,John Sipple,3.4,67%,20,3.5,jws28
278199,Tamara Loos,4.8,89%,19,2.3,tl14
185780,David Strang,2.3,0%,18,2.7,ds20
232759,Lillian Lee,4.2,64%,18,3.5,ljl2
798105,Rachel Prentice,2.8,67%,16,3.8,rep35
1832325,Mostafa Minawi,4.4,82%,14,2.9,mm2492
2628183,Cristina Florea,4.6,90%,10,3.5,cf476
2100067,Shannon Gleeson,3.4,67%,7,3.0,smg338
2703388,Landon Schnabel,4.8,100%,5,1.6,ls964
2744426,Casey Schmitt,4.7,100%,3,3.0,cs2437
2788495,Lawrence McCrea,5.0,100%,2,2.0,ljm223
3067478,Misha Inniss-Thompson,3.0,0%,2,1.0,mni6
2954307,Jodi Byrd,4.5,100%,2,2.5,jab822
2826061,Barum Park,5.0,100%,2,3.0,bp522
351711,Ken Birman,2.9,32%,43,2.8,kpb3
202231,Daisy Fan,3.7,78%,149,3.2,kdf4
98670,Tim Devoogd,3.1,57%,47,4.0,tjd5
2943212,Kate Navickas,4.2,80%,5,3.4,ken43
2019164,Nicole Giannella,4.0,67%,4,2.8,njg68
3062547,Sergio Chaves,5.0,100%,2,4.5,slc339
2557939,David Sahn,1.5,0%,2,3.5,des16
3067480,Cyrus Umrigar,4.0,100%,1,1.0,cju1
9789,Stephen Lee,3.2,57%,112,4.3,sl137
204717,Rosemary Avery,3.6,47%,71,3.8,rja7
2968076,Justin St. Juliana,2.3,25%,4,3.8,jrs626
2373159,Eve Donnelly,4.0,67%,3,2.7,eld26
2899271,Natasha Holmes,3.0,100%,1,2.0,ngh35
3066416,Em Setzer,5.0,100%,1,2.0,es2235
2755141,Kevin Ellis,1.0,0%,1,5.0,kme72
2290278,Sabrina Karim,3.8,58%,14,3.2,smk349
3041500,Jason Sockin,3.5,63%,8,3.8,jas2243
2894790,Rachee Singh,3.3,50%,4,3.3,rs2293
2561178,Alice Wolff,5.0,100%,3,1.7,acw262
3027491,Waleska Solorzano,4.5,100%,2,3.0,wds79
2350519,Aaron Adalja,4.0,67%,21,2.7,aaa362
1696049,Elizabeth Fisher,4.6,90%,14,2.6,emf4
2772948,Kasey Tarantino,1.9,29%,7,2.7,kst45
2653859,Simone Tang,4.2,67%,6,2.8,st933
2514820,Dan Torop,2.0,25%,4,4.0,dat247
3067083,Maha Haji,3.0,100%,1,1.0,mh2498
2605229,Jacob Chestnut,3.0,50%,8,3.1,jpc355
1136448,Peter Doerschuk,2.7,47%,19,3.3,pd83
2823574,Carl Bernard,4.9,100%,13,3.1,cbp8
1801158,Sam Tilsen,2.4,28%,13,3.8,st657
1363272,Brisa Teutli,4.4,91%,23,3.1,bt54
809456,Thorsten Joachims,3.2,25%,14,3.8,tj36
3060868,Lawrence Shuster,1.0,0%,2,3.0,lbs239
2234527,Lorenzo Alvisi,2.5,38%,37,4.4,la13
1579219,Corinna Loeckenhoff,4.2,79%,17,2.5,cel72
2379505,Lauren Korfine,4.9,100%,15,2.3,lk79
2958582,Gili Vidan,3.8,75%,4,2.5,gv232
2876202,Kimberly Phoenix,5.0,100%,3,2.7,kah22
2044384,David Putnam,4.5,100%,3,3.0,dap43
191934,Peter Katzenstein,4.5,91%,327,3.8,pjk2
235603,Robert Connelly,2.1,28%,69,3.7,rc46
2769054,Daniel Szpiro,4.9,100%,12,2.8,das247
2627091,Abe Davis,3.2,45%,9,3.4,mad324
2715724,Verity Platt,4.8,80%,5,2.6,vjp33
3042815,Xin Jiang,4.5,100%,2,3.5,xj257
423457,Steven Strogatz,4.6,95%,50,2.9,shs7
481158,Harry Katz,4.0,89%,31,2.7,hck2
2040799,David Schneider,1.4,9%,25,2.4,drs44
2561462,Scott Erickson,2.2,28%,11,2.6,gse23
1124758,Tibor Janosi,3.1,50%,8,3.1,tj13
2217295,Adrian Sampson,4.9,100%,8,3.5,als485
2495620,Irene Eibenstein-Alvisi,3.8,75%,8,3.6,ie10
2864649,Ryan Chahrour,2.3,25%,4,4.3,rc833
3018890,Giulia Guidi,4.5,100%,2,3.5,gg434
188471,Kaushik Basu,4.2,84%,35,3.1,kb40
2263236,Christopher Gaulke,3.0,55%,35,3.6,ccg79
1275803,Flavien Glidja,3.3,34%,26,3.8,ftg2
2051202,Brandon Tripp,4.8,100%,22,3.0,bkt24
299858,Parfait Eloundou-Enyegue,3.3,67%,22,1.9,pme7
270209,Rayna Kalas,4.0,100%,13,3.6,rmk45
807343,Kenneth Roberts,4.5,100%,13,2.5,kr99
11368,Kaja McGowan,4.8,67%,7,2.7,kmm22
815216,Fouad Makki,4.5,75%,6,3.2,fmm2
2401088,Bruce Lauber,4.0,80%,5,3.6,tbl3
2666871,Prabhu Pingali,1.8,0%,4,1.3,plp39
182081,David Lennox,3.5,50%,4,3.0,dpl29
2967186,Meredith Holgerson,4.3,67%,3,2.7,mah543
2650278,Tashara Leak,3.7,67%,3,2.7,tml226
2361357,Alex Townsend,4.6,90%,47,3.6,ajt253
1419546,Dawn Chutkow,4.7,95%,43,3.3,dmc66
527943,Yuri Berest,2.9,44%,39,3.4,yb26
221639,Lowell Turner,4.1,84%,36,2.3,lrt4
746641,Darlene Campbell,3.8,89%,32,4.0,dc78
449696,Irby Lovette,3.7,100%,24,2.8,ijl2
2258736,Haym Hirsh,3.2,67%,15,2.5,hbh46
2667093,Matthew Wilkens,3.6,58%,14,3.3,mw966
2098731,Robert Karpman,2.1,24%,14,2.9,rk395
1739670,Calum Turvey,3.0,46%,13,3.5,cgt6
746550,Edwin (todd) Cowen,4.3,100%,12,3.0,eac20
2590381,Kristin Roebuck,4.3,78%,9,3.3,kar79
2972890,Yiran Zhang,4.2,100%,5,4.0,yz2829
131125,Timothy Campbell,3.8,100%,5,3.6,tcc9
2775276,Julie Ficarra,1.0,0%,5,4.6,jmf389
2767375,Aditya Vashistha,5.0,100%,4,3.0,av567
2978215,Johnny Tang,3.3,67%,3,4.0,jt879
2823917,Chioma Iwunze,3.0,50%,2,1.5,cni6
3065874,Emily Anderson,5.0,100%,1,3.0,ewa33
3017416,Colin Stragar-Rice,2.0,0%,1,3.0,cds262
2277575,Kyle Harms,2.6,44%,69,3.1,kjh235
2442914,Xiaolong Yang,2.3,29%,14,3.7,xy44
2971447,Adam Hoffman,4.3,78%,9,1.6,ajh324
2875608,Erin Green,1.0,0%,2,4.0,emg232
321716,Robert Smith,4.6,100%,29,2.6,rss14
2187322,Donna Haeger,3.0,57%,16,2.3,dlh266
2914049,Allison Koenecke,5.0,100%,6,3.3,azk22
2702779,Ewa Bachminska,4.4,80%,5,2.2,eb583
3040955,Andrei Guruianu,4.0,50%,2,4.5,aig46
3029121,Andrew Hill,3.0,0%,1,4.0,ajh387
1919764,Thomas Campanella,3.0,84%,11,2.8,tc538
1820199,Justin Moore,4.2,100%,10,3.5,jtm237
1382276,Michael Lovenheim,3.7,67%,9,4.2,mfl55
2667502,John Tobin,2.9,50%,8,2.5,jt728
2974241,Emily Garbinsky,1.0,0%,4,5.0,eng26
2247455,Kelly Delp,4.2,80%,39,3.3,kd288
1985018,Glenn Case,3.7,64%,24,3.7,gsc11
184753,Michael Macy,3.8,50%,12,2.5,mwm14
2913824,Kevin Siegenthaler,4.1,63%,8,4.0,kds89
3064163,Adhy Kim,1.0,0%,2,2.0,adk223
3023008,Mark Wilde,5.0,100%,2,3.0,mmw255
2912603,Will Hobbs,3.3,34%,3,3.0,wrh75
3063559,Max Kapustin,5.0,100%,1,3.0,mk2624
3063566,Sophie Oldfield,3.0,0%,1,2.0,seo32
2734007,Sara Stamatiades,5.0,100%,1,2.0,sas685
489351,Michael Stillman,4.5,91%,50,2.8,mes15
2344093,Todd Clary,4.9,100%,13,2.7,tcc24
2451607,Andrej Singer,4.0,80%,5,3.4,as3689
2039670,Adam Anderson,3.3,50%,4,2.3,aka47
2734860,William Miller,5.0,100%,3,1.0,wbm8
2970463,Hunter Phillips,5.0,67%,3,1.0,hap48
3011048,Julian Hartman,4.0,100%,2,3.0,jh2853
653625,Farhan Rana,4.7,38%,27,4.5,fr37
271282,Andrea Simitch,2.7,0%,21,4.2,als34
568824,Todd Walter,4.0,58%,15,2.4,mtw5
2282908,Malte Jung,2.6,38%,8,2.9,mfj28
2853784,Dwayne Bershaw,5.0,100%,4,1.5,db633
1994331,Maria Park,3.3,50%,3,3.0,myp4
2312584,Andrei Marmor,4.5,100%,2,3.0,am2773
3062448,Stefano Galelli,4.0,100%,1,3.0,sg2279
2902222,Sergio Puerto,3.0,100%,1,3.0,sap257
3061725,John Thickstun,3.0,0%,1,4.0,jt947
855263,Erich Mueller,2.9,43%,26,3.3,em256
2894716,Sean Flynn Jr,1.6,15%,14,4.8,sjf236
3061592,Claire Challancin,1.0,0%,1,4.0,cc2667
1882024,Jeanne Moseley,2.5,16%,16,2.7,jmm298
182138,Daniel Quan,2.4,12%,14,4.4,dq22
820145,Paul Ginsparg,3.3,80%,12,3.2,phg5
1688346,Makda Weatherspoon,4.9,100%,10,2.3,mgw49
840146,Kevin Ernste,4.4,50%,8,2.1,kme32
3043277,Molly Womack,1.0,0%,1,2.0,mcw253
3061030,Anna Shechtman,3.0,0%,1,1.0,as2963
1986662,Richard Robinson,1.3,15%,7,3.6,rdr82
2956992,Ruth Lawlor,5.0,100%,6,2.8,rgl79
3052896,Oumar Ba,3.0,0%,1,1.0,ob99
2454891,Charlie Green,5.0,100%,3,1.3,crg95
2966006,Bryan Danforth,5.0,100%,1,2.0,bnd1
729475,Kurt Jordan,4.1,86%,20,3.3,kj21
2795758,Sreyoshi Das,1.9,23%,9,3.3,sd878
2367493,Arnab Basu,2.8,50%,32,3.2,ab362
921208,Zhihong Chen,4.7,100%,17,3.2,zc46
2952335,Lauryn Jones,5.0,100%,9,3.1,lmj73
2779412,Sean Fath,5.0,100%,3,1.7,sf562
180783,Andrew Myers,3.6,60%,38,4.1,acm22
2109290,Russell Rickford,2.4,31%,26,3.2,rr447
1616835,Natalie Melas,4.8,50%,4,2.5,nam5
139568,Melissa Hines,3.1,16%,132,3.8,mah11
3015134,Meng Qi,2.5,50%,2,1.0,mq56
2282483,Robert Reed,3.5,100%,2,3.0,rdr96
3054287,Megan Sawey,5.0,100%,1,2.0,mes476
1145690,Itai Cohen,1.7,5%,28,3.4,ic64
2946572,Noah Stephens-Davidowitz,3.0,60%,5,4.4,nhs59
3053530,Jamie Budnick,5.0,100%,1,1.0,jlb644
876368,Helena Viramontes,4.8,100%,8,1.9,hmv2
1121838,Kimberly O'Brien,2.9,34%,28,3.1,koo4
2838417,Seema Golestaneh,5.0,100%,5,2.2,sg2327
2926498,Alexander Rush,1.0,0%,3,4.7,amr459
1632664,Gilly Leshed,2.1,21%,30,3.2,gl87
2972249,Dana Yang,3.4,40%,5,1.6,xy374
2371399,Philippe Sosoe,4.2,80%,5,3.8,ps934
2614678,Juan Hinestroza,3.0,34%,3,3.3,jh433
3047992,Ben Gottesman,2.0,0%,1,5.0,blg85
2947518,Derek Chan,4.7,89%,9,3.1,ddc89
2176020,Peggy Odom-Reed,1.8,16%,19,4.3,pro2
893964,Nick Salvato,4.4,72%,13,2.9,ngs9
3028775,Leighton Beaman,1.0,0%,1,3.0,mlb442
498669,John Hubbard,3.7,75%,18,4.1,jhh8
2619646,Marina Welker,5.0,100%,5,2.0,maw82
3017002,Emaad Manzoor,2.3,0%,3,3.0,eam398
2816543,Tom Estad,1.0,0%,2,4.5,tge6
491349,Eric Rebillard,2.5,75%,28,3.3,er97
397232,John Whitman,4.7,80%,14,2.4,jbw2
1118084,Eric Cheyfitz,3.0,58%,11,3.6,etc7
3031960,Steven Johnson,3.0,100%,1,2.0,smj245
2920901,Chelsea Frazier,5.0,100%,4,2.5,cmf284
371779,Masha Raskolnikov,3.7,60%,47,3.1,mr283
2590920,Richard Stedman,4.3,75%,8,2.0,rcs6
192541,Anil Nerode,2.4,40%,26,2.1,an17
1178634,Misako Suzuki,4.9,100%,13,3.1,ms449
1767222,Jonathon Schuldt,4.6,67%,7,2.7,jps56
1176884,Peter Enns,5.0,100%,4,2.3,pe52
2334761,Kevin Seaman,4.0,100%,2,2.0,ks273
3039934,Laura Niemi,5.0,100%,1,2.0,ln279
726916,Durba Ghosh,3.9,67%,10,3.7,dg256
2379558,John Zinda,1.9,25%,8,3.3,jaz65
2990090,Emma Wang,1.5,0%,2,3.5,yw2652
263775,Chris Barrett,4.5,58%,32,2.9,cbb2
2219290,Gregory Londe,5.0,100%,11,2.1,gml82
2220003,Raissa Krivitsky,4.3,75%,4,3.0,rvk3
1603600,Xiaodong Cao,2.5,37%,14,3.2,xc46
1727308,Jane Juffer,3.6,50%,9,3.3,jaj93
2802370,Tapomayukh Bhattacharjee,3.0,50%,2,1.0,tb557
2663824,Kevin Kniffin,3.7,67%,6,2.3,kmk276
2065354,Suzanne Mettler,4.1,96%,30,2.8,sbm24
2964932,Alissa Kleinnijenhuis,1.0,0%,2,3.5,ak2647
2432924,Scott Sorrell,5.0,100%,4,2.5,sas528
3034653,Nayel Bettache,5.0,100%,4,1.8,nbb45
533286,Lee Adler,4.5,100%,11,3.0,lha1
2955275,Michael Maffie,5.0,100%,2,2.0,mdm283
2763529,Nicholas Mulder,2.0,22%,23,3.0,njm226
2869806,Michael Lee,4.0,75%,4,2.5,jl3355
3011593,Ziv Scully,5.0,100%,1,4.0,zds22
2145625,Kristina Workman,3.5,67%,8,3.4,kmw249
1902534,Zhiru Zhang,4.5,90%,12,3.0,zz284
528773,Simone Pinet,1.7,28%,84,3.4,sp349
299960,David Holmberg,3.2,0%,12,2.7,dhh8
2216545,So-Yeon Yoon,4.7,100%,3,4.7,sy492
2914073,Janet Loebach,4.0,100%,1,3.0,jel357
3028402,Jay Yoon,5.0,100%,1,2.0,jy846
3028035,Nicholas Klein,5.0,100%,1,3.0,njk8
336003,Scott MacDonald,4.2,75%,8,3.6,scm8
2959288,Kelly Pohland,4.6,86%,7,3.1,kp588
229219,Tracy McNulty,4.7,100%,5,3.2,tkm9
1187015,Robert Raguso,4.6,100%,6,3.3,rar229
3027489,Willy Bemis,5.0,100%,1,1.0,web24
3027289,Luke Witchey,1.0,0%,1,5.0,lew224
2652406,Tyrell Stewart-Harris,3.3,50%,8,3.5,ts784
272258,Veit Elser,3.0,80%,39,3.6,ve10
2268390,Nicholas Sanders,4.7,96%,43,2.5,njs224
1423180,Jeremy Braddock,4.1,100%,10,2.6,jb358
3025259,Joanna Upton,5.0,100%,1,2.0,jbu3
134345,Eric Tagliacozzo,4.9,100%,33,2.4,et54
2494769,David Bateman,4.5,85%,13,3.3,dab465
2376185,Robert DiStasio,4.1,80%,29,3.5,rad332
2853199,Robert Ross,5.0,100%,4,1.5,rmr16
904500,Peter Jessel,2.8,0%,5,2.0,pgj2
1659689,Ziad Fahmy,4.3,92%,21,2.4,zaf3
2921750,Elizabeth Brundige,3.2,60%,5,1.8,eb456
1447866,Sarah Jefferis,1.1,0%,14,4.1,sbj3
2236714,Daniel Buckley,5.0,89%,9,3.4,dhb28
2688809,Esak Lee,2.8,60%,5,3.4,el767
2534277,Brad Ramshaw,5.0,100%,3,3.0,bjr228
1582680,David Albonesi,4.1,77%,27,2.8,dha7
2842527,Tristan Lambert,2.2,34%,6,4.5,thl36
2958912,Fabien Royer,5.0,100%,4,3.5,fr262
2934424,Natalie Capiro,2.5,0%,2,3.0,nlc6
1201215,Susan Daniel,2.7,0%,13,3.4,sd386
3020561,Sriramya Nair,5.0,100%,1,3.0,sn599
885544,Christopher Monroe,3.7,62%,27,2.2,cmm253
185456,David Shmoys,3.6,56%,18,3.2,dbs10
743632,David Williamson,5.0,100%,10,2.8,dw36
1852272,Michael Niemack,4.3,80%,6,3.3,mdn49
593724,Michael Goldstein,4.2,56%,38,3.3,mhg26
185775,Kim Weeden,4.2,67%,30,2.8,kw74
726602,Magnus Fiskesjo,3.1,70%,30,2.1,nf42
2651844,Laura Tach,5.0,100%,8,1.9,lmt88
2659927,Andrew Campana,5.0,100%,2,1.0,ac2794
606714,Aaron Sachs,4.0,88%,21,3.4,as475
2714422,Peter Hitchcock,4.5,100%,2,4.5,aph28
2482035,Cristobal Young,2.9,54%,15,2.0,cy469
2516889,Joe Guinness,2.5,25%,12,3.4,jsg342
2379470,Arthur Degaetano,4.1,78%,9,2.8,atd2
2703377,Marten Wegkamp,4.8,100%,5,2.6,mhw73
2959433,Owolabi Legunsen,5.0,100%,2,2.0,ool6
2835173,Ivanna Yi,5.0,100%,1,2.0,isy4
2117078,Chiara Formichi,2.8,43%,8,3.4,cf398
2701506,Jason Mokhtarian,2.8,50%,4,3.0,jsm467
3018093,Rui Liu,5.0,100%,1,3.0,rl264
2250227,Ben Rissing,5.0,100%,23,2.2,bar93
2702213,Tracy Mitrano,2.3,34%,12,3.7,tbm3
2927382,Stacy Silver,5.0,100%,2,2.0,sjs386
2979625,Tashlin Lakhani,5.0,100%,2,1.5,tl336
1295151,Mark Sarvary,3.3,38%,41,1.5,mas245
2258419,Nicolas Buchon,4.7,96%,41,3.5,nsb56
136263,Jon Kleinberg,4.6,89%,33,2.4,jmk6
2486309,Kristoffer Nimark,2.3,34%,9,2.3,pkn8
2703376,Karen Levy,4.8,100%,4,2.0,kl838
2707035,Flavio Lehner,4.5,100%,4,2.5,fl439
2711560,Damian Helbling,5.0,100%,4,2.8,deh262
1554388,Sharon Sassler,1.8,12%,52,4.2,ss589
639797,Michael Weiss,4.4,100%,16,2.6,mlw36
2686907,Joeva Barrow,2.8,25%,4,3.3,jb2254
2091782,Michael Mazourek,5.0,100%,3,2.7,mm284
3017699,Deena Thomas,5.0,0%,1,2.0,dbt54
3017043,Benjamin Dozier,3.0,100%,1,3.0,bed47
2363304,Kathie Hodge,4.7,82%,11,2.3,kh11
2703391,Robert Sternberg,2.1,25%,8,2.5,rjs487
3016586,Colleen Carey,5.0,100%,2,1.5,cmc528
2814298,Marcel Preuss,2.0,0%,1,2.0,mp2222
560026,Shimon Edelman,2.4,45%,29,2.0,se37
2703456,Andrea Giometto,4.3,88%,8,2.3,ag956
2625720,Daniel Hooker,5.0,100%,6,2.0,dwh22
850457,Wesley Sine,5.0,100%,5,1.4,wds4
588762,Morten Christiansen,3.9,56%,21,3.0,mhc27
1259692,Jason Mezey,4.2,100%,5,3.0,jgm45
2141165,Karthik Sridharan,2.5,45%,14,4.2,ks999
2114336,Natalie Bazarova,3.8,67%,4,3.5,nnb8
2913719,Marie MacDonald,2.7,43%,7,2.4,mb2636
2607825,Kelly Liu,4.3,84%,6,3.8,jl53
3016581,Bryan Sykes,4.0,100%,1,3.0,bls244
3015632,Carla Liesching,5.0,100%,1,2.0,cel242
282363,Jon Parmenter,4.0,72%,24,3.3,jwp35
270292,Andrew Galloway,4.4,100%,21,2.8,asg6
305803,Judith Peraino,4.2,72%,17,2.5,jap28
3015227,Rong Yang,1.0,0%,2,5.0,ry295
2699926,Dave Roberts,4.9,94%,16,2.4,drr45
3014494,Michael Kim,4.0,100%,2,5.0,mpk76
2535524,Rene Kizilcec,5.0,100%,1,3.0,rfk65
1614983,Vimal Selvaraj,3.2,47%,48,4.1,vs88
268443,Oren Falk,2.7,13%,47,4.3,of24
113676,Stephen Hilgartner,4.1,92%,26,2.4,shh6
2341741,Evan Riehl,4.6,91%,11,2.8,er488
2351871,Paul Soloway,2.6,43%,7,3.9,pds28
2766229,Tejasvi Nagaraja,2.7,32%,16,3.0,tn329
3013739,Jaleesa Reed,5.0,100%,1,3.0,jr964
2284064,Bharath Hariharan,2.3,35%,20,2.9,bh497
185773,Victor Nee,3.5,0%,13,2.4,vgn1
192515,Cindy Hazan,4.5,80%,52,2.4,ch34
172971,Ravi Ramakrishna,4.6,79%,43,3.8,rkr5
2276923,Devon Proudfoot,4.7,84%,6,2.0,dp597
2473568,Anil Damle,4.8,100%,6,3.5,asd239
465327,John Henderson,2.7,84%,24,2.4,jsh6
1903979,Victoria Beard,2.4,25%,11,3.0,vab57
2694921,James Spinazzola,2.5,50%,2,3.0,jms862
2154772,Paul Nadasdy,3.5,75%,4,2.8,pn79
2946358,Matthew Haulmark,1.5,0%,4,3.3,mrh286
151911,Cindy Van Es,3.9,55%,89,2.8,clv1
165710,Ellis Hanson,3.8,70%,44,2.8,eh36
187593,David Easley,4.3,85%,43,2.8,dae3
1347424,Meejeong Song,5.0,100%,6,2.2,ms296
2867016,John Doris,4.0,0%,1,2.0,jmd378
1979357,Robert Howarth,3.6,50%,13,2.3,rwh2
3009143,Nielson Hul,5.0,100%,2,2.0,nsh58
2762792,Paul Fleming,5.0,100%,1,3.0,pf239
270963,Geoffrey Waite,4.0,78%,31,2.6,gcw1
2703337,Duanyi Yang,5.0,100%,8,2.4,dy338
484851,David Lawrence Deitcher,4.0,67%,5,2.8,dld14
3008683,Menachem Rosensaft,5.0,100%,1,1.0,mzr3
520660,Ngampit Jagacinski,3.1,34%,12,3.3,nj13
1952163,Kathy Arnink,3.6,100%,10,1.9,kja1
2781516,Bradley Rickard,3.0,67%,3,3.0,bjr83
2769046,Justin Murfin,1.0,0%,1,5.0,jm2692
3007853,Catherine Blumenkamp,5.0,100%,1,2.0,ckb67
2372836,Reza Moghimi,5.0,100%,9,1.9,am2393
2438484,Brian Lucas,4.6,86%,7,2.3,bl679
2985206,Cara Nunez,5.0,100%,1,4.0,cmn97
2371941,Carla Gomes,2.8,0%,4,3.5,cpg5
155949,Tom Gilovich,4.0,40%,70,3.4,tdg1
2169818,Justin Wilson,4.1,79%,14,3.6,jjw275
2961085,James Stapp,2.7,67%,3,3.0,jas926
132578,David Delchamps,4.5,79%,44,3.0,dfd1
1010006,Steve Winans,3.7,65%,21,3.1,scw2
1291849,Stephen Garvey,3.9,50%,4,3.0,spg3
2920114,Jessica Newman,5.0,100%,1,3.0,jmn249
2542024,Toby Ault,4.5,80%,10,1.4,tra38
1246801,Patricia Keller,4.3,100%,8,2.4,pmk73
1362748,Stacey Langwick,3.5,67%,11,3.3,sal54
1903952,Emily Zitek,4.2,100%,11,2.6,emz34
1850817,Rosemary Batt,4.7,100%,11,3.2,rb41
1082657,Kyle Shen,4.8,100%,35,3.9,kms272
650286,David Muller,3.1,100%,4,2.8,dm24
1954956,Stephen Ceci,4.4,80%,6,3.0,sjc9
2946172,Ian Lundberg,5.0,100%,2,1.0,il245
2090822,Brad Zukovic,4.8,100%,4,1.8,bbz4
3000560,Sylvia Hristakeva,2.0,0%,1,4.0,sh2596
2999308,Olga Litvak,0.0,,0,0.0,ol76
2999036,Robin Gleed,5.0,100%,1,5.0,rdg2
2752075,Theodore Korzukhin,2.8,40%,10,4.0,tk283
2913638,Mike Priehs,4.3,100%,3,1.7,mep324
2317262,Kirstin Petersen,5.0,100%,3,2.0,khp37
2029857,Rebecca Schneider,4.8,100%,3,1.3,rls11
456398,Adam Klausner,3.5,40%,33,3.6,aak12
1870449,Tobias Hanrath,3.2,0%,5,3.6,th358
2201480,Yang Ning,4.9,100%,16,2.9,yn265
1410409,Kerry Shaw,2.9,67%,5,2.2,kls4
2122686,Drew Margolin,3.3,55%,11,2.7,dm658
1020285,Tad Brennan,4.2,70%,19,2.7,trb64
1891884,Khena Swallow,2.3,20%,19,3.1,kms424
2749530,Robert Newman,3.1,43%,7,2.9,rtn24
2540538,Jeff Christen,5.0,100%,7,2.4,jrc42
2289762,Jessica Ratcliff,1.8,25%,4,2.5,jrr47
414493,Ti Alkire,4.5,78%,22,2.4,eha1
2883024,Ritvik Ramkumar,4.5,100%,2,3.0,rr675
2657302,Nathan Yang,3.7,64%,11,1.6,ncy6
2698257,Yoav Artzi,1.0,0%,2,5.0,yya5
2985192,Nelly Andarawis-Puri,5.0,100%,1,3.0,na424
915610,Roger Loring,4.1,100%,26,3.6,rfl2
2760790,Elizabeth Helbling,1.7,12%,26,4.5,efh45
2607826,Andy Barrientos-Gomez,3.0,40%,5,2.4,alb445
1927040,Sean Nicholson,4.5,88%,29,2.8,sn243
872450,Samantha Zacher,4.6,100%,16,3.1,sz66
2295274,Cathy Caruth,4.7,89%,9,2.1,cc694
2982554,Rhonda Gilmore,5.0,100%,1,4.0,rg35
2434016,Matthew Velasco,4.3,88%,8,2.9,mcv47
2931899,Mayer Juni,5.0,100%,3,3.0,mj472
1172212,Cole Gilbert,3.8,64%,43,3.7,cg23
2703381,Jason Manning,1.8,23%,9,4.3,jm882
2810382,Elizabeth Ogata,5.0,100%,3,1.0,emo73
2976553,John Helmann,5.0,100%,2,3.0,jdh9
2973501,Lexi Turner,5.0,100%,2,2.0,lct63
286790,Linda Rayor,4.1,100%,16,2.5,lsr1
2607828,Lewis Freedman,4.5,100%,2,1.0,lmf10
2481759,Rowena Lohman,5.0,100%,7,2.1,rbl62
2740259,Vince Slaugh,5.0,100%,4,2.5,vws8
2979626,Caitlin Ray,5.0,100%,1,1.0,cr589
2636535,Maria Wolfe,3.5,50%,2,3.5,mw555
369497,Larry Brown,2.8,47%,28,2.6,ldb7
2967172,Suzanne Lane,5.0,100%,1,2.0,stl48
2978625,Kat Roberts,4.0,100%,1,3.0,kor7
411812,Daniel Schwarz,4.1,67%,16,3.3,drs6
2806202,Valerie Reyna,1.0,0%,2,4.0,vr53
2830948,Valeria Dani,3.0,50%,2,4.0,vd76
131116,Munther Younes,4.2,100%,17,3.5,may2
1130841,Peng (peter) Liu,3.4,50%,8,2.9,pl333
2647300,Christina McDowell,3.3,50%,4,4.3,clm354
2659364,Martha Field,3.3,50%,4,4.3,mas246
2925732,Rachel Riedl,3.7,100%,3,1.7,rbr87
2241444,Julilly Kohler-Hausmann,5.0,100%,7,2.7,jkh224
452251,Lois Pollack,3.1,50%,17,3.2,lp26
2019070,Miloje Despic,4.5,100%,8,2.5,md682
1926314,Shu-Bing Qian,3.0,58%,9,3.7,sq38
2956170,Nathaniel Vacanti,1.0,0%,2,4.5,nv83
2853101,Cheryl Stanley,4.0,100%,2,3.0,css14
2000250,Jamila Michener,4.3,84%,14,3.5,jm2362
2974329,Shelby Dietz,5.0,100%,1,3.0,sbd3
782831,Bruce Levitt,4.7,100%,9,2.9,bal5
1295485,David Ruppert,2.4,0%,6,3.2,dr24
2381794,Jeffrey Rachlinski,4.6,78%,9,3.8,jjr7
1981434,Jeffrey Perry,3.9,73%,13,2.5,jap255
2963334,Denise Osborne,5.0,100%,2,2.0,dmo67
2973570,Heidi Mouillesseaux-Kunzman,3.0,0%,1,2.0,hmm1
2601522,Katya Scheinberg,3.5,50%,10,3.1,ks2375
1910410,Arnika Fuhrmann,4.7,100%,3,2.7,aif32
2324838,Jared Maxson,4.9,100%,9,3.1,jmm586
248142,Jose Martinez,2.9,47%,29,4.2,jfm37
1145692,Peter Wittich,4.2,72%,9,2.8,pw94
1890683,Lang Tong,1.9,0%,7,3.9,lt35
1320090,Monica Bevia,4.8,100%,21,2.9,mjb383
2738024,Heather Kolakowski,4.4,80%,5,2.2,haf3
2967573,Chris Roh,5.0,100%,2,4.0,cr296
2767771,Danielle Eiseman,3.0,50%,2,4.0,dle58
2225251,David Bonter,5.0,100%,5,2.2,dnb23
1315468,Craig Fennie,2.8,67%,12,3.5,cjf76
2729667,John Losey,3.5,50%,2,2.0,jel27
187564,Shalom Shoer,4.8,100%,45,2.6,ss66
1461063,Philip Lorenz,3.9,80%,17,2.5,pal37
1485138,Francis Vanek,3.9,100%,8,2.0,fmv3
2205587,Denise Green,3.2,60%,5,2.2,dng22
2411885,Frances Kozen,5.0,100%,1,2.0,fhk2
2961059,Quinn Kolar,5.0,100%,1,1.0,qkk2
270810,Gordon Stacey,3.8,67%,14,3.6,gjs12
2697957,Peter McIntyre,1.2,12%,9,2.7,pbm3
2831270,Suyoung Son,3.3,50%,4,3.3,ss994
1105962,Nancy Pollak,4.2,72%,20,2.1,np27
685439,Anindita Banerjee,4.0,84%,15,2.7,ab425
2661873,Jillian Goldfarb,1.2,10%,11,4.7,jlg459
2592321,Eshan Chattopadhyay,4.9,100%,7,2.7,ec583
218799,Anthony Reeves,2.8,50%,13,3.1,apr5
766959,Hsiao-Dong Chiang,4.3,50%,8,3.4,hc63
2763534,Qi Li,4.5,100%,4,2.8,ql56
2403811,Shorna Allred,4.0,100%,1,4.0,srb237
277351,Dorit Abusch,2.4,34%,13,3.2,da45
2596079,Marie Ozanne,3.8,84%,6,3.2,meo84
2373354,Marie Chazal,2.4,34%,9,4.0,mc969
2343388,Christina Delimitrou,5.0,100%,40,3.5,cd434
1876171,Marie-Claire Vallois,3.5,67%,4,2.8,mv46
852473,Charles Brainerd,2.5,80%,9,3.6,cb299
2478143,Lauren Chambliss,3.6,56%,9,2.8,elc55
2952841,Sudip Thakor,5.0,100%,1,2.0,svt8
1030046,Stephanie Divo,4.6,84%,22,3.4,sah36
1331911,Ivan Bazarov,2.9,43%,12,4.3,ib38
2657247,Giulia Friso,4.5,100%,2,3.5,gf32
2018702,Nick Admussen,4.8,100%,10,2.4,na347
2946532,Jiachen Wang,5.0,100%,7,1.6,jw2358
1708584,Andre Leclair,3.3,23%,38,2.9,arl4
154695,Bart Selman,2.3,20%,19,2.6,bs54
2491555,Julia Markovits,3.9,72%,7,2.6,jm2476
1625067,Allen Knutson,3.0,54%,24,4.0,ak596
2813903,Alexandra Silva,2.3,40%,15,4.1,am2344
1303408,Daniel Lebret,4.3,89%,11,3.8,dl255
2701079,Neil Mattson,5.0,100%,1,3.0,nsm47
2941162,Soojin Lee,1.0,0%,1,3.0,sl2634
145362,Roger Gilbert,3.8,89%,13,2.4,rsg2
2897441,Nora Owen,4.0,100%,1,2.0,no225
1979514,Robert Kwortnik,2.6,34%,22,3.2,rjk34
182101,Gary Thompson,2.1,18%,19,4.0,gmt1
272077,Anna Scaglione,2.6,0%,12,3.0,as337
1987323,Marcelo Aguiar,4.7,91%,13,3.0,ma18
195444,Nancy Chau,4.0,100%,17,3.1,hyc3
153936,Dexter Kozen,4.2,82%,31,3.5,dck10
2630481,Francesca Parise,3.7,67%,3,3.7,fp264
2326475,Adam Walden,1.4,10%,10,3.4,atw59
2417912,James Booth,3.3,25%,4,3.5,jb383
1291046,Yuval Grossman,4.2,100%,8,2.5,yg73
552375,Sara Warner,4.7,67%,12,3.3,slw42
2592304,Theo Black,5.0,100%,4,2.5,tb353
2555662,Craig Frey,4.7,100%,3,1.3,ccf27
2458063,Andrew Quagliata,2.2,34%,6,4.0,aq43
1491007,Jonathan Monroe,4.3,75%,11,3.3,jbm3
1184943,Ruth Richardson,4.3,100%,12,2.6,rer26
2703011,Brian Richards,5.0,100%,2,1.0,bkr2
2248407,Matthew Reid,5.0,100%,2,2.0,mcr239
2831022,Hadas Kress-Gazit,1.0,0%,3,4.7,hk478
474293,Connie Yuan,1.6,0%,11,3.8,yy239
1882440,Taryn Bauerle,3.9,70%,14,3.4,tlb33
2222043,Sarah Giroux,5.0,100%,9,2.4,sh104
2923052,Cameron Mozafari,5.0,100%,2,2.0,cnm48
1629465,Johannes Wissel,1.5,0%,2,5.0,jw674
2473633,Lawrence Glickman,4.4,80%,10,3.0,lbg49
2923277,Armands Revelins,3.0,100%,1,2.0,aor4
2698367,Suzanne Shu,3.7,56%,9,3.2,sbs78
657485,George Chigas,5.0,100%,4,2.0,gc35
144070,Ross MacIntyre,2.9,50%,23,4.1,rjm18
1805792,Elisha Cohn,4.1,100%,7,2.7,ejc244
628774,Joe Regenstein,1.3,0%,12,2.1,jmr9
609742,Kate Bronfenbrenner,3.4,86%,19,3.4,klb23
2603859,Sofia Villenas,4.3,75%,4,2.8,sav33
391602,Dan Barbasch,2.4,14%,29,3.6,dmb14
454374,Hayden Pelliccia,4.4,100%,9,4.2,hnp1
2670404,Dina Bishara,4.0,75%,4,2.0,db833
2707802,Quincy Loney,2.0,50%,2,4.0,qel2
1344419,Thomas Pepinsky,4.8,100%,12,3.3,tp253
858267,Mats Rooth,2.1,0%,5,3.0,mr249
2848399,Erik Born,5.0,100%,2,2.5,ecb234
2627222,Jomarie Alano,5.0,100%,2,3.0,jma49
134482,Shane Henderson,4.1,86%,27,3.4,sgh9
1074260,Kate Griffith,4.6,90%,26,3.3,kg275
2914161,Isabel Perera,4.0,100%,2,3.0,imp34
1446118,Marla Lujan,4.5,100%,10,2.8,mel245
2772090,John Hoddinott,4.8,100%,4,3.0,jfh246
2911953,Laura Bellows,4.0,100%,2,2.0,llb238
2914085,Abigail Crites,4.3,34%,3,1.0,atc72
2492007,Stephen Jesch,4.9,100%,7,2.9,saj23
2527103,Natasha Raheja,2.2,17%,6,3.3,nr446
1582068,Peter Frazier,4.3,100%,12,2.3,pf98
2861437,Chao Yu,1.0,0%,4,3.0,cy395
2885475,Tristan Ivory,2.2,12%,9,3.0,ti92
2348727,Brenda Dietrich,2.9,54%,15,3.9,bld34
2119129,David Mimno,4.0,80%,6,3.5,dm655
2047193,Lisa Kaltenegger,4.6,94%,49,2.5,lk433
1322643,Michael Scanlon,4.1,100%,11,2.9,mjs298
2561694,Sarah Kreps,3.6,50%,8,3.0,sk2245
2729668,Caroline Levine,3.5,50%,2,2.0,cel235
2913333,Milena Djourelova,4.0,100%,1,1.0,mnd43
2913147,Carlyn Buckler,4.0,100%,1,2.0,csb36
2126546,Olufemi Taiwo,3.0,50%,2,3.5,ot48
134355,Daniel Boucher,3.3,45%,63,3.1,djb38
36445,Barry Strauss,4.6,86%,32,3.0,bss4
1827456,Austin Bunn,3.8,75%,6,2.7,ab2346
2757872,Todd Gerarden,3.5,50%,2,3.0,tdg48
602819,Robin McNeal,4.3,75%,29,1.8,rm253
2290792,Nate Foster,4.5,90%,20,3.7,jnf27
2875739,Yves Boisclair,1.0,0%,1,4.0,yrb1
2652172,Diane Bailey,3.3,50%,4,3.0,deb332
2596084,Yifei Mao,2.5,0%,2,3.5,ym355
2910505,Rebecca Barthelmie,2.0,0%,1,2.0,rb737
197121,Kim Haines-Eitzen,4.6,100%,22,2.6,kjh10
1020320,Tomas Bevia,4.6,78%,21,3.7,tjb99
278200,George Hay,4.2,84%,22,3.1,gah7
2906183,Young-Hoon Park,1.0,0%,1,5.0,yp34
1727421,Jane Mendle,5.0,100%,2,2.5,jem482
129807,Christina Homrighouse,4.7,87%,47,2.0,cmg4
1895455,Matthew Hare,4.0,100%,6,2.7,mph75
2284945,Ari Juels,3.0,50%,2,3.0,aj495
1063401,Gideon Saar,2.2,0%,5,3.2,gs25
351709,Fred Schneider,2.6,13%,19,3.5,fbs2
2818294,Xiangtao Xu,3.3,72%,7,2.9,xx286
2400601,Annie Lewandowski,4.7,100%,3,2.7,apl72
2842642,Raunak Sen,4.0,100%,1,3.0,rs2533
2708285,Brenda Schertz,4.5,100%,2,2.5,bs794
2897686,Aaron Childree,4.0,100%,1,3.0,eac328
2897693,Lindsay Glasner,5.0,100%,1,1.0,lig27
1698561,John Haggerty,4.6,100%,5,3.2,jjh56
2154171,Jesse Goldberg,5.0,100%,4,3.0,jhg285
2358228,Andrea Won,3.8,67%,6,2.8,asw248
195469,Ralph Christy,3.9,100%,8,3.0,rdc6
1051843,John Hausknecht,3.8,100%,13,2.1,jph42
474837,Christopher Ober,2.2,50%,11,2.6,cko3
1322238,Anthony Ong,4.9,100%,12,3.2,ado4
2883920,David Orr,5.0,100%,1,2.0,dpo3
191718,Slava Paperno,4.5,100%,18,3.3,sp27
2586005,Adriana Reyes,3.5,50%,2,1.5,amr454
1999640,Jim Dai,3.9,67%,7,3.0,jd694
2820927,David Goldberg,5.0,100%,2,3.5,dag369
2652833,Hom Acharya,3.0,0%,1,5.0,hpa8
2878646,Eugene Won,5.0,100%,1,3.0,etw36
2667272,Fatma Baytar,4.0,100%,2,2.5,fb38
2660643,Mridusmita Saikia,3.6,63%,8,3.1,ms2855
2658712,Margaret Frank,4.3,75%,4,2.1,mhf47
132540,Jean Hunter,2.0,30%,28,3.9,jbh5
2164970,Mark Campbell,5.0,100%,2,3.5,mc288
2806201,Yarden Kedar,3.5,100%,2,2.0,yek2
2373938,Karin Sternberg,2.9,34%,9,2.2,ks998
2312627,Francesco Monticone,5.0,100%,27,3.3,fm428
2209130,Rachit Agarwal,3.3,58%,26,3.6,ra625
2154777,Alexander Hayes,4.3,67%,3,2.0,agh4
990012,Tony Simons,2.4,34%,17,3.5,tls11
1946753,Jonathan Boyarin,3.2,50%,3,1.7,jab857
2592306,Carolyn Goelzer,5.0,100%,2,2.0,cjg54
2660982,Pauline Leung,2.5,50%,2,4.0,pl532
448664,Lawrence Gibbons,2.1,100%,45,3.6,lkg5
2432925,Susan Riha,3.0,0%,1,4.0,sjr4
2867932,Andrew McDonald,4.0,100%,1,2.0,ajm9
594443,Clifford Pollock,4.5,100%,14,3.1,crp10
2866261,Dominic Diaz,5.0,100%,1,3.0,dad358
2866540,Amy Frith,1.0,0%,1,1.0,at88
202198,Warren Allmon,4.4,100%,17,3.1,wda1
2603835,Christopher Byrne,4.3,75%,4,2.8,cpb76
2493926,Andrew Whitmore,3.3,70%,13,3.8,ajw36
2171095,David Zywina,4.7,100%,12,2.8,djz44
207928,Dwight Bowman,4.2,50%,22,3.1,ddb3
272878,Tomas Arias,4.4,94%,53,3.5,taa2
132111,Bruce Kusse,4.2,0%,29,3.9,brk2
2330562,Qing Zhao,5.0,100%,2,3.5,qz16
2775732,David Bindel,5.0,100%,1,4.0,dsb253
2276631,Valentina Fulginiti,4.8,100%,6,2.3,vf65
2736887,Xin Zhou,4.0,67%,3,2.3,xz636
1090451,Matthias Liepe,4.3,100%,22,3.4,mul2
2045431,Elke Siegel,4.8,100%,4,1.5,es744
2244690,Brett Fors,4.7,93%,14,3.6,bpf46
740761,Anette Schwarz,4.8,100%,11,2.5,as163
1839685,Happiness Bulugu,4.9,100%,5,1.6,hpb36
2852899,Jaeun Lim,5.0,100%,1,3.0,jl3828
2698369,Daniela Scur,4.7,100%,3,3.0,ds2338
1303857,John Schimenti,3.8,50%,6,4.0,jcs92
2790790,John Carruthers,3.0,50%,2,2.0,jc3474
1005365,David Hammer,4.6,67%,7,3.4,dah5
2846681,Alexandra Dufresne,5.0,100%,1,3.0,afd65
1084209,Ernesto Quinonez,4.2,100%,7,1.6,eq25
2790858,Sahoko Ichikawa,5.0,100%,1,2.0,si24
536029,Brian Kirby,4.2,80%,10,3.2,bk88
1247898,Jolene Rickard,3.2,29%,13,2.8,jkr33
2595758,Astrid Van Oyen,5.0,100%,7,2.0,av475
2416548,Geoffrey Fisher,5.0,100%,1,1.0,gwf25
2381738,Oskar Liivak,3.3,50%,4,3.0,ol10
2835302,Yessica Martinez,5.0,100%,1,3.0,ym463
1794256,Troy Richardson,2.7,67%,6,3.3,tar37
2288942,Traci Nathans-Kelly,1.3,0%,3,1.0,tmn46
650287,Lisa Wickham,3.2,43%,20,3.6,lw45
2817071,Patrick Gibney,5.0,100%,1,3.0,pag235
145720,Han Cho,4.2,60%,20,3.7,hdc9
154042,Peter Wolczanski,1.7,15%,72,4.5,ptw2
2093094,John McKinley,4.8,100%,6,3.0,jwm336
344028,Alexander Vladimirsky,3.6,100%,18,3.9,abv8
388453,Beth Milles,3.9,0%,6,3.0,bfm6
2437845,Andrea Bachner,3.0,50%,4,2.8,asb76
2364512,Laura Brown,5.0,100%,4,2.5,lsb7
1191142,Anke Wessels,4.1,100%,5,2.0,akw7
2703455,Atieh Moridi,1.0,0%,2,3.5,am2975
2701193,Nicholas Taylor,5.0,100%,3,2.7,nwt2
2682141,Guy Hoffman,1.0,0%,1,2.0,gh384
2329269,Song Lin,4.4,84%,12,3.7,sl2757
2443500,Daniel Halpern-Leistner,3.7,72%,7,4.0,dsh233
2035548,Annette Richards,5.0,100%,5,2.0,ar34
2781521,Virginia Moore,2.0,34%,3,3.7,vm377
2589387,Nerissa Russell,4.0,100%,2,2.0,nr29
2699930,Nora Siena,5.0,100%,2,3.0,ns929
210623,Ted O'Donoghue,4.6,90%,28,3.3,edo1
720985,Dan Luo,4.6,100%,6,2.5,dl79
2697956,Ivan Rudik,4.0,100%,1,2.0,ir229
1382547,David Smith,4.6,100%,15,3.1,dms248
1559098,Joerg Stoye,4.2,100%,9,3.6,js2434
270549,Bruce Johnson,5.0,100%,7,2.4,brj1
2781042,Katherine Tschida,4.5,100%,2,2.0,kat227
2138737,Pamela Moulton,4.6,100%,11,3.5,pm388
2482448,Patchen Markell,2.1,23%,9,4.3,ppm48
2492721,Heather Huson,3.8,80%,5,3.2,hjh3
437738,Roberto Bertoia,3.5,67%,13,3.3,rgb4
1290176,Sandra Greene,3.4,40%,10,3.2,seg6
2700057,Nidaa Aboulhosn,4.0,100%,1,3.0,na525
2522079,Sara Pryor,5.0,100%,3,4.0,sp2279
2581012,Marten van Schijndel,3.6,60%,5,4.2,mv443
316681,Sharon Tennyson,3.6,75%,13,2.2,st96
2449773,Vida Maralani,4.3,67%,3,4.0,vm343
1291154,Christopher Miller,3.6,34%,7,2.7,cjm299
828044,Suman Seth,4.7,67%,14,3.7,ss536
1143735,Mildred Warner,2.6,34%,10,3.7,mew15
1398171,Robert Kleinberg,4.8,89%,13,4.1,rdk2
2599202,Alice Lee,5.0,100%,4,1.5,al2488
2126216,Rebecca Slayton,4.8,100%,4,2.5,rs849
2079581,Karen Jaime,4.5,100%,2,2.0,kj12
2770742,Gerard Aching,4.0,34%,3,3.0,gla23
272012,Gennady Samorodnitsky,3.3,40%,30,3.5,gs18
847284,Poppy McLeod,3.3,75%,24,3.3,plm29
1911683,Kate Manne,4.8,100%,5,2.8,kam468
284612,Eva Tardos,3.6,50%,12,3.0,et28
2633963,Karolina Hubner,4.2,60%,5,3.2,kh753
460071,Lily Chi,3.4,100%,12,4.0,lhc3
265282,John Marohn,2.4,10%,65,3.5,jam99
1700389,Courtney Roby,3.0,34%,5,2.8,car295
2478003,Jayadev Acharya,4.3,75%,4,3.3,ja679
1192249,Anurag Agrawal,4.9,100%,11,2.1,aa337
507157,Mary Kay Redmond,4.4,100%,24,2.7,mkr4
2377801,John Michael,3.4,50%,8,3.4,jjm484
2162535,Alexander Livingston,4.0,63%,8,3.9,pal229
2222046,Rebecca Nelson,2.0,0%,4,3.5,rjn7
2568077,Nikole Lewis,5.0,100%,1,4.0,nkl35
906861,Lauren Monroe,4.8,100%,10,2.0,lm283
1620806,Louis Derry,4.5,100%,3,3.3,lad9
2771291,Jerel Ezell,4.0,100%,1,3.0,jme246
521940,Claire Cardie,3.6,75%,12,2.8,ctc9
2121601,Benjamin Piekut,4.6,50%,4,2.3,bdp63
2094869,George Frantz,4.0,80%,5,2.4,grf4
2747142,Oona Cullen,5.0,100%,1,2.0,obc5
2585896,Kim Overby,4.3,100%,3,2.3,kjo46
1633684,Naomi Larson,5.0,100%,13,3.2,nn17
134413,Allen Carlson,4.1,100%,14,2.8,arc26
2422585,Nicolas Bottan,4.0,100%,2,3.5,nlb75
387427,Carl Ostendarp,2.8,100%,22,4.2,cao24
757442,Adrian Lewis,4.2,100%,13,3.3,asl55
1470173,David Faulkner,3.4,58%,8,3.0,df259
2652160,Valerie Hans,5.0,100%,2,3.5,vh42
171743,Jeevak Parpia,2.5,50%,15,3.7,jmp9
1329827,Irena Peeva,4.0,100%,6,2.5,ivp1
2649362,Madeleine Udell,1.6,25%,8,4.1,mru8
2748807,Michael Huyghue,5.0,100%,1,4.0,mlh77
2745692,Cheng Zhang,1.0,0%,1,5.0,cz448
131153,Marilyn Migiel,4.3,34%,12,2.8,mm55
2670259,Nozomi Ando,5.0,100%,1,3.0,na49
782456,"Christopher ""Kit"" Umbach",3.1,34%,11,3.3,ccu1
1200506,Michael Thompson,4.5,100%,10,3.7,mot1
1862981,Abraham Stroock,3.2,34%,5,3.0,ads10
2455651,Alexander Ophir,4.5,100%,2,2.5,ago25
2738484,Philipp Kircher,4.0,100%,1,3.0,pk532
2288724,Lori Khatchadourian,5.0,100%,1,3.0,lk323
2443485,Rachana Kamtekar,3.0,40%,5,3.4,rk579
2537320,Benjamin Anderson,5.0,100%,1,3.0,bwa32
2729051,Benjamin Yost,5.0,100%,1,3.0,bsy9
362614,Carl Batt,2.6,67%,6,2.7,cab10
2012776,Scott Stewart,5.0,100%,4,4.0,sds58
1889429,David Kornreich,3.4,67%,8,3.9,dak13
1954255,Robert Shepherd,4.7,100%,5,2.6,rfs247
1631196,Ian Hewson,3.7,50%,5,2.2,ih88
195462,David Lee,3.4,42%,30,3.2,drl5
534201,Laura Harrington,3.8,100%,9,2.7,lch27
2654364,Nick Nickitas,3.0,50%,2,1.0,nn47
2654551,Cynthia Robinson,3.5,100%,2,3.0,cr94
185783,Mabel Berezin,3.2,0%,21,2.4,mmb39
1626896,Roger Moseley,4.7,100%,7,2.9,rsm253
1829783,Corey Ryan Earle,4.7,100%,3,1.3,cre8
2703094,Patti Mandel,5.0,100%,1,1.0,prm34
1634965,Marvin Pritts,5.0,100%,4,1.3,mpp3
1382550,Judith Byfield,2.5,0%,7,3.3,jab632
932507,Garrick Blalock,3.9,100%,16,2.0,gb78
410780,Dorothy Debbie,4.0,100%,4,3.0,dpd22
1997075,Richard Bensel,4.2,50%,8,2.5,rfb2
2585993,Adam Smith,3.7,67%,3,3.0,ats73
284247,John Cawley,4.3,100%,18,2.5,jhc38
2233171,Brooke Duffy,4.3,75%,4,2.3,bed54
1138923,Frank Wise,4.4,100%,10,4.0,fww1
476070,Robert Thorne,3.6,20%,26,3.4,ret6
1987186,Park Doing,2.6,20%,8,2.8,pad9
529941,Marianella Casasola,4.3,80%,14,3.1,mc272
135820,Alex Susskind,3.6,50%,23,3.6,ams76
2673960,Amy Krosch,5.0,100%,1,2.0,ark256
1872046,Lucinda Ramberg,3.7,50%,6,3.2,ler35
202263,David Levitsky,3.9,57%,99,2.6,dal4
2093801,Ishion Hutchinson,3.5,50%,3,1.7,iih2
1433529,Tamar Kushnir,4.0,80%,25,2.5,tk397
1984145,Dmitry Savransky,3.3,100%,5,4.4,ds264
1242827,Sahara Byrne,4.9,100%,18,2.1,seb272
726776,Arthur Falkson,4.5,100%,6,1.0,abf11
2435205,Amy Williams,5.0,100%,3,3.7,alw289
2014247,Sturt Manning,3.5,50%,2,1.5,sm456
1629857,Saida Hodzic,3.6,100%,7,3.0,sh888
2411409,Laura Barre,3.8,50%,4,4.0,lkb35
2662376,Marco Battaglini,4.0,100%,1,3.0,mb2457
1806249,Meredith Silberstein,1.8,15%,19,4.0,ms2682
2201205,Matthew Hall,4.7,100%,10,2.5,msh284
1106585,Sara Pritchard,3.5,67%,7,3.1,sbp65
2142835,Christine Goodale,4.3,100%,4,1.8,clg33
2659609,Felix Thoemmes,1.0,0%,1,5.0,fjt36
359797,Ronald Harris-Warrick,4.3,100%,16,4.0,rmh4
2655435,Julianne Hunter,5.0,100%,1,3.0,jth259
2323741,Mukoma Ngugi,5.0,100%,1,4.0,mwn39
526663,Martin Kassabov,2.5,72%,14,4.5,mdk35
2649638,Michelle Smith,5.0,100%,1,3.0,mks274
179459,Hector Abruna,2.1,6%,35,4.0,hda1
2583922,Noliwe Rooks,1.0,0%,1,2.0,nmr67
2482662,Shanjun Li,4.2,80%,5,1.8,sl2448
64520,Donald Greenberg,3.6,100%,11,3.5,dpg5
1319350,Karim-Aly Kassam,3.8,73%,19,2.9,ksk28
180477,Robert Frank,3.9,100%,28,2.5,rhf3
620736,Alan Zehnder,4.1,75%,10,2.6,atz2
288466,Yong Joo,2.3,0%,6,3.2,ylj2
1889763,Kevin Attell,3.7,67%,4,2.5,kda24
478261,Stephen Wicker,4.5,100%,14,1.8,sbw11
2557488,Christine Bacareza Balance,5.0,100%,1,3.0,cbb84
2496501,Scott Yonker,3.0,0%,1,3.0,sey8
132224,David Zax,1.8,34%,92,3.8,dbz1
2601781,Iftikhar Dadi,5.0,100%,1,3.0,mid1
1752891,Andrew Hicks,2.3,25%,4,3.0,ajh299
1348749,Anthony Burrow,4.6,80%,11,2.4,alb325
1384929,Marie Caudill,4.7,100%,10,3.4,mac379
2590525,Paul Curtis,2.0,0%,1,3.0,pdc1
2583076,James Antaki,2.0,0%,1,3.0,jfa79
2317229,Mert Sabuncu,4.0,100%,2,2.5,ms3375
518980,Phoebe Sengers,4.0,75%,9,2.4,pjs54
824111,Cary Howie,4.8,100%,8,2.7,csh34
483229,Csaba Csaki,4.3,50%,7,3.1,cc338
1997355,Nandini Ananth,4.4,100%,9,4.2,na346
2469827,Yudong Chen,3.5,100%,2,2.5,yc2272
2145754,Sol Gruner,5.0,100%,3,3.0,smg26
1726852,Olivier Desjardins,4.3,100%,2,3.0,od57
2557484,Lee Humphreys,5.0,100%,1,3.0,lmh13
608931,Elisabeth Meyer,2.4,50%,16,4.1,ehm2
2493645,Xingen Lei,2.5,50%,2,2.5,xl20
2348246,Damek Davis,3.8,67%,6,3.0,dsd95
2515800,Tory Hendry,3.0,0%,1,5.0,th572
413914,Philip McMichael,2.8,34%,11,2.9,pdm1
2450455,Annalisa Raymer,2.0,0%,2,3.0,alr26
1615822,Sarah Murray,4.8,100%,5,2.8,sem269
1176351,Jim Alexander,4.6,100%,11,3.8,jpa6
250633,Ramin Zabih,3.5,50%,18,3.1,rz13
782452,Anil Netravali,5.0,100%,3,2.7,ann2
2093823,Saurabh Mehta,1.0,0%,1,5.0,sm939
2313965,Ariel Avgar,5.0,100%,4,2.8,aca27
172666,Graeme Bailey,3.8,17%,78,3.8,gob1
1097537,Thomas Evans,3.3,0%,6,3.2,tme33
1097537,Thomas Evans,3.3,0%,6,3.2,tae23
2294094,Giles Hooker,3.5,55%,11,4.7,gjh27
64479,Neelam Sethi,2.4,50%,19,3.6,ns28
1711583,Liam McAllister,5.0,100%,7,3.9,lm432
131124,Deborah Starr,3.4,50%,6,1.8,das86
1005139,Lynden Archer,3.5,100%,10,3.9,laa25
2383656,Randy Worobo,5.0,100%,1,3.0,rww8
776728,Sherene Baugher,4.5,100%,21,3.0,sbb8
539606,David Field,4.2,100%,8,3.0,djf3
2478993,Jill Frank,4.0,100%,1,3.0,jf725
1869708,Eswar Prasad,4.2,100%,3,4.0,esp54
1940791,Norman Porticella,2.5,34%,9,2.4,nap28
1418552,Earl Kirkland,4.3,100%,2,3.0,ejk14
2031651,Christoph Studer,4.8,100%,8,3.6,cs639
1320865,Lisa Pincus,3.6,50%,5,2.4,lp286
650289,Chris Xu,4.0,50%,14,3.9,cx10
384533,Steven Kyle,4.0,0%,34,2.3,sck5
498839,Kathleen Long,4.7,100%,7,1.7,kpl2
2344101,Jennifer Thaler,2.7,34%,3,2.7,jst37
489618,Steve Marschner,3.4,67%,9,4.1,srm2
1627657,Stephen Morreale,5.0,100%,1,2.0,sjm11
193652,James Renegar,3.4,100%,22,3.7,jr43
2448379,Jeffrey Scott,5.0,100%,1,2.0,jgs5
1041161,Dawn Schrader,3.1,67%,14,2.7,des14
2351888,James Engstrom,5.0,100%,1,2.0,jre7
2439788,Jennifer Rabedeau,4.0,100%,1,3.0,jbr263
2081421,Julia Finkelstein,3.3,0%,2,3.0,jlf288
2093472,Naminata Diabate,4.8,100%,3,3.3,nd326
1467921,Lyrae Van Clief-Stefanon,4.1,100%,4,3.5,lv48
1510019,Alan Nussbaum,4.5,100%,2,2.5,ajn8
235330,Shefford Baker,3.6,75%,22,3.9,spb14
165834,Satya Mohanty,2.8,0%,28,3.5,spm5
2400235,Jeremy Baskin,5.0,100%,1,4.0,jmb772
1461301,Derk Pereboom,4.8,100%,14,2.2,dp346
426908,Francesca Molinari,4.1,100%,23,3.3,fm72
2389418,Melanie Soberon,4.0,100%,1,2.0,mas329
181787,Edwin Kan,3.9,67%,20,4.0,eck5
2305397,Gennady Shvets,3.5,50%,4,4.3,gs656
2164714,Andrew Clark,4.0,100%,1,5.0,ac347
1027984,Peter Hess,3.4,100%,7,3.0,pgh25
36455,Michel Louge,2.6,50%,9,3.8,myl3
579937,Karl Niklas,4.7,88%,44,2.5,kjn2
666666,David Feldshuh,5.0,100%,8,3.7,dmf6
935415,John March,2.7,100%,10,3.3,jcm224
2378200,Matthew Ryan,4.0,100%,1,2.0,mrr232
1966807,Karen Pinkus,2.2,0%,4,3.5,kep44
270609,Michael Heise,4.1,100%,9,3.6,mrh38
1099107,Tara Holm,4.2,100%,7,3.6,tsh33
2295182,Fei Fei Wang,3.0,50%,2,4.0,fw83
2045830,Cecilia Earls,2.6,34%,9,3.9,cae79
1066240,C. Lindsay Anderson,4.7,100%,13,2.6,cla28
2250718,Shami Chatterjee,3.5,50%,2,3.0,sc99
452107,Edmundo Paz-Soldan,4.2,100%,6,2.7,jep29
1516742,Kelly Musick,4.2,0%,4,2.5,kam386
469291,Melissa Ferguson,4.3,100%,6,2.3,mjf44
1124834,Mike Van Amburgh,3.6,100%,8,2.5,mev1
2284509,Jeffrey Moses,3.0,0%,1,1.0,jam262
2283438,Lori Leonard,5.0,100%,1,4.0,ll536
826920,Camil Muscalu,2.8,100%,18,3.2,fm69
2209795,Warren Bailey,4.5,100%,2,3.5,wbb1
268992,Nancy Lorr,4.2,100%,14,2.8,nal4
745135,Randy Wayne,3.0,100%,28,2.6,row1
216853,Brian Crane,3.3,60%,73,3.4,bc69
733786,Mason Peck,3.6,100%,7,2.6,mp336
1969507,James Lloyd,4.0,100%,4,2.5,jl554
184814,Robert Jarrow,3.3,100%,7,2.1,raj15
1654092,Jonathan Butcher,3.5,100%,2,3.5,jtb47
182083,Craig Snow,4.0,100%,34,4.7,crs12
593479,Shirley Samuels,5.0,100%,6,3.8,srs8
769776,Viktoria Tsimberov,4.6,100%,6,3.0,vt13
2219449,Ananda Cohen-Aponte,4.0,100%,1,3.0,aic42
1309217,John Hale,2.5,100%,24,4.0,jth99
1162700,Judith Brownell,3.3,100%,4,2.3,jlb18
1726353,Anthony Hay,2.8,100%,12,3.4,agh5
240973,An-Yi Pan,1.8,0%,14,2.9,ap76
563599,Charles Seyler,4.8,100%,7,3.0,ces7
1173684,Thomas Volman,3.7,100%,3,3.3,tpv1
929096,Carl Franck,1.9,0%,4,3.0,cpf1
1478260,Nancy Brooks,2.5,0%,8,3.5,nb275
1806907,Jeff Niederdeppe,5.0,100%,3,2.7,jdn56
376125,Maria Fernandez,2.4,0%,10,3.2,mf252
459880,Jery R. Stedinger,3.7,0%,13,3.2,jrs5
2148070,Kavita Bala,3.3,100%,2,2.0,kb97
721320,Patrick Sullivan,3.5,100%,23,1.9,pjs31
1081933,Laurent Dubreuil,4.2,,6,3.0,ld79
217660,Jane Fajans,2.1,100%,23,2.1,jf20
748119,Todd Schmit,4.8,,3,2.3,tms1
650059,Harold Craighead,4.6,,5,1.6,hgc1
2093121,Mark Nelson,5.0,,2,2.0,mwn2
1245753,Peter Hobbs,3.5,,3,2.3,ph14
141404,Paul Wagner,4.5,,9,2.1,pew4
2107486,Emily Sherwin,2.0,,1,4.0,els36
2106946,Tasha Lewis,3.0,,1,3.0,tll28
2098874,Delphine Gourdon,4.5,,1,2.0,dg434
1170853,Emily Gier,3.5,,4,3.5,eg47
922767,Mark E Lewis,2.2,,11,3.6,mel47
181677,Alyssa Apsel,3.1,,14,4.1,aba25
270591,Tarleton Gillespie,3.7,,23,3.0,tlg28
1108568,Andre Kessler,4.5,,1,4.0,ak357
2040312,Douglas MacMartin,1.0,,1,5.0,dgm224
994559,Dan Cosley,3.8,,8,2.5,drc44
1901354,Gustavo Flores-Macias,3.8,,2,3.5,gaf44
270626,Kevin Clermont,3.3,,16,4.4,kmc12
1076793,Frederic Gleach,3.6,,4,1.8,fwg1
1817367,Jura Liaukonyte,4.0,,2,2.5,jl2545
893397,Julia Thom-Levy,3.9,,10,2.5,jt297
1095683,Christopher Earls,4.6,,7,1.9,cje23
1515016,Adeolu Ademoyo,4.1,,5,1.2,aaa54
1895684,Brian Lazzaro,4.5,,4,3.5,bl89
203512,Emin Gun Sirer,3.7,,26,3.7,egs7
260180,Amit Lal,2.6,,16,4.1,al274
278508,Levon Barseghyan,4.0,,44,2.3,lb247
1136784,Keith Tidball,4.6,,14,3.2,kgt2
1781590,Tanzeem Choudhury,2.6,,4,2.5,tkc28
1623970,Lawrence Bonassar,4.1,,4,3.3,lb244
1261043,David Matteson,3.8,,4,2.8,dm484
132566,Rajit Manohar,4.4,,8,4.1,rm92
1685882,Rachel Bean,4.2,,3,2.7,reb55
401872,Thuy Tranviet,3.2,,6,3.5,tdt5
456394,Maureen Waller,4.0,,10,1.7,mrw37
1090802,Annetta Alexandridis,2.7,,10,4.0,aa376
460230,Christiane Linster,4.1,,6,3.0,cl243
454957,Barbara Koslowski,3.5,,12,2.7,bmk2
145193,Bruce Lewenstein,4.1,,21,2.3,bvl1
204511,Anne Blackburn,2.2,,18,3.9,amb242
1427396,Noah Snavely,4.4,,4,2.0,kns32
735793,Jack Freed,2.0,,12,4.3,jhf3
1839293,Oliver Gao,3.0,,1,1.0,hg55
564667,Barbara Lust,5.0,,3,3.0,bcl4
1432945,Rafael Pass,4.8,,5,1.8,rnp3
766131,David Erickson,2.4,,9,3.7,de54
274167,Katherine McComas,3.9,,14,2.1,kam19
1025276,Kenneth Mudge,2.9,,4,2.3,kwm2
582395,Milton Curry,2.7,,5,4.4,msc10
1190770,Frank Schroeder,2.5,,3,4.0,fs31
914689,Chris Schaffer,3.3,,10,3.0,cs385
1223007,Judith Appleton,3.3,,6,3.7,jaa2
16596,Claudia Lazzaro,3.8,,12,3.2,cl47
225973,Jane Wang,2.6,,4,3.5,zw24
1535449,Lara Estroff,3.5,,2,4.0,lae37
1486736,Michael Ashkin,4.8,,2,1.0,ma352
1006278,Beth Ahner,4.2,,3,2.3,baa7
803068,Barbara Knuth,5.0,,2,2.5,bak3
527119,David Galton,4.6,,5,2.2,dmg20
181331,Dieter Ast,1.6,,56,4.1,dga1
354180,Donald Koch,2.0,,6,4.0,dlk15
413922,Timothy Murray,2.4,,8,2.5,tcm1
1053261,John Blume,4.3,,4,3.5,jb94
379649,Kate Walsh,4.6,,7,2.9,kmw33
